
INSERT INTO avis (id, commentaire, note, statut, auteur_id, chauffeur_id) VALUES
(10, '', 1, 'en attente', 7, 5),
(11, '', 1, 'en attente', 7, 5),
(12, '', 1, 'validé', 7, 5);


INSERT INTO covoiturage (id, voiture_id, date_depart, heure_depart, lieu_depart, date_arrivee, heure_arrivee, lieu_arrivee, statut, nb_places, prix_personne) VALUES
(150, 133, '2025-09-25', '17:23', 'Lille', '2025-09-25', '17:24', 'Bordeaux', 'terminé', 0, 3.00),
(151, 133, '2025-09-25', '20:00', 'Lille', '2025-09-25', '20:59', 'Bordeaux', 'terminé', 0, 3.00),
(152, 133, '2025-09-25', '20:00', 'Lille', '2025-09-25', '21:00', 'Bordeaux', 'terminé', 0, 3.00),
(153, 133, '2025-09-25', '11:36', 'Lille', '2025-09-25', '11:37', 'Bordeaux', 'en attente', 1, 3.00),
(154, 133, '2025-09-25', '11:46', 'Lille', '2025-09-25', '11:47', 'Bordeaux', 'en attente', 1, 3.00),
(155, 133, '2025-09-25', '11:50', 'Lille', '2025-09-25', '11:52', 'Bordeaux', 'en attente', 1, 3.00),
(156, 133, '2025-09-27', '09:55', 'Lille', '2025-10-04', '09:57', 'Bordeaux', 'en attente', 2, 3.00),
(157, 133, '2025-09-22', '20:35', 'Lille', '2025-09-23', '20:36', 'Bordeaux', 'en attente', 1, 3.00),
(158, 133, '2025-09-22', '20:35', 'Lille', '2025-09-23', '20:36', 'Bordeaux', 'en attente', 1, 3.00),
(159, 133, '2025-09-22', '20:35', 'Lille', '2025-09-23', '20:36', 'Bordeaux', 'en attente', 1, 3.00);


INSERT INTO credit (id, total) VALUES
(2, 30.00),
(3, 20.00),
(4, 9.00),
(5, 20.00),
(6, 26.00),
(8, 20.00),
(9, 20.00),
(11, 20.00),
(12, 20.00),
(13, 20.00),
(14, 20.00),
(15, 29.00),
(18, 20.00),
(19, 20.00),
(23, 20.00);



INSERT INTO marque (id, libelle) VALUES
(7, 'l'),
(8, 'll'),
(9, 'lll');


INSERT INTO operation (id, date_operation, montant, user_id) VALUES
(232, '2025-06-07', 0.00, 9),
(233, '2025-06-07', 0.00, 9),
(234, '2025-06-07', 0.00, 9),
(235, '2025-06-07', 0.00, 9),
(236, '2025-06-07', 0.00, 9),
(237, '2025-06-07', 0.00, 9),
(238, '2025-06-07', 1.00, 9),
(239, '2025-06-07', 0.00, 7),
(240, '2025-06-07', 1.00, 9),
(241, '2025-06-07', 0.00, 7),
(242, '2025-06-07', 1.00, 9),
(243, '2025-06-07', -1.00, 7),
(244, '2025-06-07', 1.00, 9),
(245, '2025-06-07', -1.00, 7),
(246, '2025-06-07', 1.00, 9),
(247, '2025-06-07', -1.00, 7),
(248, '2025-08-18', 3.00, 9),
(249, '2025-08-18', -3.00, 7),
(250, '2025-08-23', -3.00, 7),
(251, '2025-08-23', 3.00, 9),
(252, '2025-08-23', -3.00, 7),
(253, '2025-08-23', 3.00, 9),
(254, '2025-08-23', -3.00, 9),
(255, '2025-08-23', 3.00, 7),
(256, '2025-08-23', -3.00, 7),
(257, '2025-08-23', 3.00, 9),
(258, '2025-08-23', -3.00, 9),
(259, '2025-08-23', 3.00, 7),
(260, '2025-08-23', -3.00, 7),
(261, '2025-08-23', 3.00, 9),
(262, '2025-08-23', -3.00, 9),
(263, '2025-08-23', 3.00, 7),
(264, '2025-08-23', -3.00, 7),
(265, '2025-08-23', 3.00, 9),
(266, '2025-08-23', -1.00, 9),
(267, '2025-08-23', 1.00, 5),
(268, '2025-08-23', -1.00, 9),
(269, '2025-08-23', 1.00, 5),
(270, '2025-08-23', -1.00, 9),
(271, '2025-08-23', 1.00, 5),
(272, '2025-08-26', -1.00, 9),
(273, '2025-08-26', 1.00, 7),
(274, '2025-08-26', -1.00, 9),
(275, '2025-08-26', 1.00, 7),
(276, '2025-08-26', -1.00, 9),
(277, '2025-08-26', 1.00, 7),
(278, '2025-08-26', -1.00, 9),
(279, '2025-08-26', 1.00, 7),
(280, '2025-08-26', -1.00, 9),
(281, '2025-08-26', 1.00, 7),
(282, '2025-08-26', -1.00, 9),
(283, '2025-08-26', 1.00, 7),
(284, '2025-08-26', -1.00, 9),
(285, '2025-08-26', 1.00, 7),
(286, '2025-08-26', -1.00, 9),
(287, '2025-08-26', 1.00, 7),
(288, '2025-08-26', -1.00, 9),
(289, '2025-08-26', 1.00, 7),
(290, '2025-08-26', -1.00, 9),
(291, '2025-08-26', 1.00, 7),
(292, '2025-08-27', -1.00, 9),
(293, '2025-08-27', 1.00, 5),
(294, '2025-08-27', -1.00, 9),
(295, '2025-08-27', 1.00, 7),
(296, '2025-08-27', -1.00, 9),
(297, '2025-08-27', 1.00, 7),
(298, '2025-08-27', -1.00, 9),
(299, '2025-08-27', 1.00, 7),
(300, '2025-08-27', -3.00, 7),
(301, '2025-08-27', 3.00, 9),
(302, '2025-08-27', -1.00, 9),
(303, '2025-08-27', 1.00, 5),
(304, '2025-08-27', -3.00, 7),
(305, '2025-08-27', 3.00, 9),
(306, '2025-08-27', -1.00, 9),
(307, '2025-08-27', 1.00, 5),
(308, '2025-08-31', -3.00, 7),
(309, '2025-08-31', 3.00, 9),
(310, '2025-09-03', -3.00, 7),
(311, '2025-09-03', 3.00, 9),
(312, '2025-09-03', -3.00, 7),
(313, '2025-09-03', 3.00, 9),
(314, '2025-09-15', -3.00, 7),
(315, '2025-09-15', 3.00, 9),
(316, '2025-09-15', -3.00, 9),
(317, '2025-09-15', 3.00, 7),
(318, '2025-09-15', -3.00, 7),
(319, '2025-09-15', 3.00, 9),
(320, '2025-09-15', -3.00, 9),
(321, '2025-09-15', 3.00, 7),
(322, '2025-09-15', -3.00, 7),
(323, '2025-09-15', 3.00, 9),
(324, '2025-09-15', -3.00, 9),
(325, '2025-09-15', 3.00, 7),
(326, '2025-09-15', -3.00, 7),
(327, '2025-09-15', 3.00, 9),
(328, '2025-09-15', -3.00, 9),
(329, '2025-09-15', 3.00, 7),
(330, '2025-09-15', -3.00, 7),
(331, '2025-09-15', 3.00, 9),
(332, '2025-09-15', -3.00, 9),
(333, '2025-09-15', 3.00, 7),
(334, '2025-09-15', -3.00, 7),
(335, '2025-09-15', 3.00, 9),
(336, '2025-09-15', -3.00, 9),
(337, '2025-09-15', 3.00, 7),
(338, '2025-09-15', -3.00, 7),
(339, '2025-09-15', 3.00, 9),
(340, '2025-09-15', -3.00, 9),
(341, '2025-09-15', 3.00, 7),
(342, '2025-09-15', -3.00, 7),
(343, '2025-09-15', 3.00, 9),
(344, '2025-09-15', -3.00, 9),
(345, '2025-09-15', 3.00, 7),
(346, '2025-09-15', -3.00, 7),
(347, '2025-09-15', 3.00, 9),
(348, '2025-09-15', -3.00, 9),
(349, '2025-09-15', 3.00, 7),
(350, '2025-09-15', -3.00, 7),
(351, '2025-09-15', 3.00, 9),
(352, '2025-09-15', -3.00, 9),
(353, '2025-09-15', 3.00, 7),
(354, '2025-09-15', -3.00, 7),
(355, '2025-09-15', 3.00, 9),
(356, '2025-09-15', -3.00, 9),
(357, '2025-09-15', 3.00, 7),
(358, '2025-09-15', -3.00, 7),
(359, '2025-09-15', 3.00, 9),
(360, '2025-09-15', -3.00, 9),
(361, '2025-09-15', 3.00, 7),
(362, '2025-09-15', -3.00, 7),
(363, '2025-09-15', 3.00, 9),
(364, '2025-09-15', -3.00, 7),
(365, '2025-09-15', 3.00, 9),
(366, '2025-09-15', -3.00, 7),
(367, '2025-09-15', 3.00, 9),
(368, '2025-09-15', -1.00, 9),
(369, '2025-09-15', 1.00, 5),
(370, '2025-09-16', -1.00, 9),
(371, '2025-09-16', 1.00, 5),
(372, '2025-09-16', -1.00, 9),
(373, '2025-09-16', 1.00, 5);


INSERT INTO parametre (id, propriete, valeur) VALUES
(96, 'fumeurs', 'non'),
(97, 'animaux', 'non'),
(98, 'l', 'l');


INSERT INTO reponse (id, reponse1, reponse2, user_id, covoiturage_id, statut) VALUES
(19, 'oui', NULL, 7, 150, NULL),
(20, 'oui', 'oui', 7, 152, NULL),
(21, 'non', 'oui', 7, 151, NULL);


INSERT INTO role_entity (id, libelle) VALUES
(2, 'chauffeur'),
(1, 'passager');


INSERT INTO user (id, email, roles, password, nom, prenom, telephone, adresse, date_naissance, photo, pseudo, api_token, credit_id) VALUES
(5, 'leila0016@hotmail.fr', '[]', '$2y$13$W.G7QXDpwMJ3FlWtVgTj0OWoiJoCTIv2yN9i7y.AFCettmGFSXhli', 'l', 'll', '', '', '1995-01-05', 'uploads/photos/photo_68cd8603c83171.79769449.png', 'll', '0a18bb8661ddc375a499c89fb9794c67a140c108', 15),
(7, 'leilaelal@outlook.fr', '[]', '$2y$13$uoqhl5OMscSYjYXyIRYG0eF6f0x1FlHN/gUYKkxbCA9WWggbWwKty', 'l', 'lll', '', '', '0000-00-00', NULL, 'lll', 'ca02e64c7409da85d502ffed74c3e1adcff1e276', 4),
(9, 'leilaalhoceima@outlook.fr', '[\"ROLE_ADMIN\"]', '$2y$13$zMx0GSO7Ve8SYVk/Xh4dGOkh/OiS22YkVSM7n1uY800SiAfx5DfMq', 'El', 'Leila', '', '', '0000-00-00', NULL, 'Leila', 'e5ef458e1e18cf7093ae567d1ad403553c8a12d4', 6),
(12, 'laylaalhoceima@outlook.fr', '[\"ROLE_EMPLOYE\"]', '$2y$13$yMaseHrXrQAhF4AhOs7y3.nhmNjU/Lfrwf/fsbUyK.fGzgfOZeFTe', 'El', 'Leila', '', '3', '2025-07-16', NULL, 'LeilaEl', 'a118b17585d62524058773868ac41e8714645676', 9),
(20, 'sabrunjameelshop@gmail.com', '[]', '$2y$13$9wkPEsW6nPW4irIIpculnOAKSi7vZdNGblpaD4dtKW.UugASCDXG2', 'Leila', 'Leila', '', '', '1995-01-05', NULL, 'El', 'c1d1af17c76496c09441760b84de3788fe414486', 23);


INSERT INTO user_covoiturage (user_id, covoiturage_id) VALUES
(7, 150),
(7, 151),
(7, 152);


INSERT INTO user_parametre (user_id, parametre_id) VALUES
(5, 96),
(5, 97),
(5, 98);


INSERT INTO user_role_entity (user_id, role_entity_id) VALUES
(5, 1),
(5, 2),
(7, 1);


INSERT INTO voiture (id, marque_id, user_id, modele, immatriculation, energie, couleur, date_premiere_immatriculation, nb_places) VALUES
(133, 7, 5, 'l', 'lllllll', 'Essence', 'l', '2025-09-12', 1),
(134, 7, 5, 'l', 'llllllll', 'Essence', 'l', '2025-09-12', 1),
(135, 7, 5, 'l', 'lllllllll', 'Essence', 'l', '2025-09-12', 1),
(136, 7, 5, 'l', 'l1', 'Essence', 'l', '2025-09-12', 1);

